{"age_groups": [[0, 4], [5, 9], [10, 14], [15, 19], [20, 24], [25, 29], [30, 34], [35, 39], [40, 44], [45, 49], [50, 54], [55, 59], [60, 64], [65, 69], [70, 74], [75, 79], [80, 84], [85, 89], [90, 94], [95, 99], [100, 105]], "female_weights": [0.047448886889259974, 0.04739466959525382, 0.05107156462663048, 0.04436577106079489, 0.049013560108727434, 0.06030765216948787, 0.07001889618606678, 0.07901640715662138, 0.07588890379850252, 0.0673955266278333, 0.057900947000521646, 0.06023444090373829, 0.07203870797372565, 0.07036867196760602, 0.05646713251899538, 0.031809271034402994, 0.029243651341739795, 0.01930012794564632, 0.008437521582604348, 0.0019951349833992175, 0.0002825545284418856], "male_weights": [0.05344949563806897, 0.05347768082655578, 0.057320971615548784, 0.049809673506272405, 0.05464458040338467, 0.06672592110943894, 0.0775839918616907, 0.08710206446673624, 0.0827658059915156, 0.0725851629671968, 0.06097199135129844, 0.06094899529635087, 0.06809175567942473, 0.06086640613938952, 0.04402586526343756, 0.021238194994310525, 0.0159325517515019, 0.008700210536803301, 0.0030740427086446815, 0.0005910696213483794, 9.356827108121005e-05]}